day,weekday,D1_daytime_kWh,D2_critical_kWh
1,0,42.91,28.21
2,1,38.88,24.39
3,2,44.25,24.23
4,3,44.82,23.78
5,4,36.15,25.92
6,5,26.09,22.69
7,6,30.38,20.83
8,0,41.05,23.74
9,1,41.95,23.76
10,2,39.44,25.98
11,3,44.64,26.11
12,4,44.33,25.81
13,5,30.2,20.0
14,6,33.38,21.35
15,0,43.4,25.18
16,1,39.42,25.33
17,2,43.11,26.31
18,3,39.12,25.34
19,4,44.64,26.02
20,5,29.85,21.1
21,6,29.45,21.43
22,0,39.96,25.95
23,1,45.67,22.81
24,2,41.54,24.52
25,3,40.72,24.29
26,4,40.94,24.04
27,5,31.6,20.59
28,6,31.1,23.24
29,0,43.24,23.7
30,1,43.29,26.45
